{"cameraMode":{"drawMode":0,"name":"Shaded","section":"Shading Mode"},"sceneLighting":true,"audioPlay":false,"sceneViewState":{"m_AlwaysRefresh":false,"showFog":true,"showSkybox":true,"showFlares":true,"showImageEffects":true,"showParticleSystems":true,"showVisualEffectGraphs":true,"m_FxEnabled":true},"in2DMode":false,"pivot":{"x":1.208038330078125,"y":-10.078086853027344,"z":-18.144102096557618},"rotation":{"x":-0.05414215475320816,"y":0.9166598916053772,"z":-0.3729326128959656,"w":-0.13291336596012116},"size":17.816057205200197,"orthographic":false}