{"cameraMode":{"drawMode":0,"name":"Shaded","section":"Shading Mode"},"sceneLighting":false,"audioPlay":false,"sceneViewState":{"m_AlwaysRefresh":false,"showFog":true,"showSkybox":false,"showFlares":true,"showImageEffects":true,"showParticleSystems":true,"showVisualEffectGraphs":true,"m_FxEnabled":true},"in2DMode":false,"pivot":{"x":-14.551865577697754,"y":0.07607758045196533,"z":2.2702841758728029},"rotation":{"x":-0.11691565811634064,"y":0.14720746874809266,"z":-0.017526112496852876,"w":-0.9820107817649841},"size":2.204897165298462,"orthographic":false}