{"cameraMode":{"drawMode":0,"name":"Shaded","section":"Shading Mode"},"sceneLighting":false,"audioPlay":false,"sceneViewState":{"m_AlwaysRefresh":false,"showFog":true,"showSkybox":false,"showFlares":true,"showImageEffects":true,"showParticleSystems":true,"showVisualEffectGraphs":true,"m_FxEnabled":true},"in2DMode":false,"pivot":{"x":-2.5002896785736086,"y":0.4261038899421692,"z":-0.49999988079071047},"rotation":{"x":0.23608601093292237,"y":0.7473964691162109,"z":-0.33916622400283816,"w":0.5202717781066895},"size":2.1439266204833986,"orthographic":false}